Slovo,Podobnost
blatného,0.9983111619949341
vicepremiérem,0.9982319474220276
vlády,0.998012900352478
vnitra,0.9979981780052185
zahraničí,0.9979576468467712
týdnů,0.9978525638580322
šéfem,0.9978358149528503
jednání,0.997816264629364
místopředsedu,0.9977344274520874
setkání,0.9977265000343323
zdravotnictví,0.9977068305015564
arenberger,0.9976829290390015
obrana,0.9976534843444824
předsedu,0.9976310729980469
funkce,0.9976063370704651
příležitosti,0.9976031184196472
ministři,0.9975910186767578
vážení,0.9975681900978088
dalších,0.9975333213806152
doufám,0.9975296258926392
soudu,0.9975210428237915
nicméně,0.9975192546844482
pravidelně,0.9975161552429199
část,0.9975159168243408
připraveni,0.9975141286849976
