Slovo,Podobnost
česká,0.6620844602584839
celého,0.6442592740058899
prezidenta,0.6401498317718506
země,0.6291117668151855
taiwanu,0.6287698149681091
kandidáty,0.6277169585227966
senátu,0.6189627051353455
hlasy,0.59378981590271
politika,0.5935242176055908
práci,0.579164981842041
jasně,0.5775288939476013
volbám,0.5745745897293091
kraji,0.5742014050483704
rok,0.5711122751235962
svobodu,0.5688303709030151
cestě,0.5650290846824646
čínskými,0.5604749917984009
činitelem,0.5585821866989136
republika,0.5549656748771667
senátních,0.5539777278900146
zahraničí,0.5514321327209473
ambasáda,0.5480260252952576
šance,0.5458034873008728
respektu,0.5432147979736328
většinu,0.5397285223007202
