Slovo,Podobnost
neděli,0.21614256501197815
ministerstvo,0.09304502606391907
rok,0.07963629812002182
nemocnic,0.06302788108587265
republiky,0.027069974690675735
rozhovor,0.01697644405066967
