Slovo,Podobnost
itálii,0.22441178560256958
tisková,0.22331327199935913
respirátorů,0.1113741472363472
informační,0.10421755164861679
opatření,0.10120236128568649
česká,0.0840819701552391
karantény,0.07044798880815506
pacienty,0.0643257424235344
dalšího,0.06020798161625862
konference,0.05647451430559158
nemocnic,0.05305022373795509
ministerstvu,0.027436990290880203
závislostem,0.024223238229751587
občanům,0.007210555952042341
