Slovo,Podobnost
debata,0.20001628994941711
české,0.1705169677734375
zdravotnictví,0.14594773948192596
