Slovo,Podobnost
republiky,0.13155338168144226
české,0.06757195293903351
ministrem,0.04178929701447487
zákona,0.041253719478845596
pacienty,0.012955773621797562
