Slovo,Podobnost
barrandov,0.06836550682783127
politická,0.03618109971284866
aktuální,0.010621769353747368
tv,0.0048031252808868885
