Slovo,Podobnost
lánech,0.19119030237197876
předsedkyně,0.16137541830539703
státní,0.13823993504047394
ekonomickými,0.13013887405395508
ráda,0.08542606979608536
republiku,0.07212581485509872
rok,0.03412707895040512
ministry,0.0226559080183506
zákon,0.013713719323277473
vlády,0.008046133443713188
