Slovo,Podobnost
vlády,0.24556393921375275
země,0.24449747800827026
kraje,0.23184162378311157
premiérem,0.21838761866092682
životě,0.21074612438678741
přípravě,0.2029465138912201
kterými,0.18644008040428162
týden,0.17444856464862823
úřad,0.17154192924499512
rozhovoru,0.16984356939792633
aktuálně,0.1684688776731491
řadu,0.14963826537132263
zákona,0.14398638904094696
letním,0.12374274432659149
panem,0.12131906300783157
oecd,0.11872196942567825
