Slovo,Podobnost
panem,0.2156849205493927
cen,0.09356307238340378
drahota,0.09283962845802307
rodině,0.08019178360700607
premiéra,0.028022099286317825
občany,0.017388513311743736
