Slovo,Podobnost
ministryní,0.9986858367919922
financí,0.998678982257843
rok,0.9984779357910156
všechny,0.9984670281410217
celkem,0.9984593987464905
panem,0.9984475374221802
programovou,0.9984239935874939
peníze,0.9984204173088074
ministr,0.9984144568443298
projektem,0.9984099268913269
let,0.9983860850334167
zdravotnictví,0.9983803033828735
korun,0.9983775615692139
dph,0.9983692765235901
vlády,0.998367428779602
