Slovo,Podobnost
ministr,0.9993054270744324
všechny,0.9993013739585876
celé,0.9992941617965698
stát,0.9992785453796387
zdravotnictví,0.9992709159851074
rok,0.9992698431015015
korun,0.9992688298225403
let,0.9992687702178955
prahy,0.9992665648460388
zemi,0.9992635846138
zákona,0.9992620944976807
lidí,0.9992591142654419
nikdy,0.9992581009864807
české,0.9992451071739197
panem,0.9992285370826721
návrhu,0.9992285370826721
evropě,0.9992262721061707
národního,0.999213695526123
