Slovo,Podobnost
vlády,0.9972744584083557
českých,0.9970141053199768
letech,0.9969696402549744
pan,0.9968108534812927
roku,0.9967430830001831
premiérem,0.9965742826461792
lidí,0.9964515566825867
politici,0.9960212111473083
země,0.9959225654602051
krajině,0.995854377746582
korun,0.9956536293029785
ministr,0.9954214692115784
prahy,0.9952611923217773
jasná,0.9952135682106018
vodu,0.9950664639472961
ministerstvo,0.9950069785118103
