Slovo,Podobnost
let,0.21711334586143494
rusku,0.09259660542011261
evropě,0.06271003931760788
vláda,0.016722243279218674
