Slovo,Podobnost
památky,0.19918954372406006
opravy,0.16979581117630005
fasády,0.14588682353496552
rekonstrukce,0.0640593096613884
