Slovo,Podobnost
jasným,0.19606555998325348
členové,0.09496327489614487
doby,0.09481047838926315
babiš,0.08472118526697159
cenzuru,0.06352110207080841
žádný,0.04650278016924858
lidi,0.026638489216566086
pravda,0.0181520227342844
stránky,0.0046278079971671104
