Slovo,Podobnost
mír,0.21924099326133728
médii,0.2161296010017395
volodymyr,0.19917337596416473
vojensky,0.1744036227464676
hitler,0.17376884818077087
opoziční,0.15269051492214203
válka,0.14697371423244476
prezident,0.09369952231645584
ukrajinců,0.09291168302297592
nato,0.06287326663732529
režim,0.05414774641394615
evropě,0.0018448256887495518
