Slovo,Podobnost
zásluhy,0.8156737685203552
říci,0.7953945994377136
pane,0.7916234135627747
rád,0.7890082001686096
českého,0.7888168096542358
někdy,0.787996768951416
stát,0.7860826253890991
knihy,0.784618079662323
skupiny,0.7778210043907166
životě,0.7745477557182312
vyznamenání,0.77435302734375
řád,0.7740706205368042
let,0.7671411037445068
prezidenty,0.7641188502311707
světa,0.7586170434951782
cesty,0.7584742307662964
oblasti,0.74444180727005
zájmů,0.7436848878860474
jiným,0.7430654168128967
