Slovo,Podobnost
prezidentem,0.21670742332935333
rozhovor,0.19947364926338196
vláda,0.16992256045341492
politické,0.09289070963859558
pana,0.06412166357040405
roce,0.06300953775644302
