Slovo,Podobnost
dětí,0.2211761474609375
celé,0.19609704613685608
turky,0.09937863796949387
kandidát,0.09523939341306686
multikulturalismu,0.09347312897443771
roce,0.08554758876562119
lidé,0.06571578979492188
vládě,0.055862363427877426
hayato,0.027319354936480522
sněmovní,0.01790478080511093
volbám,0.00529945595189929
