Slovo,Podobnost
pan,0.21609772741794586
předvolební,0.09347057342529297
čunek,0.09290173649787903
spolupráce,0.07967986166477203
sjezd,0.01754148304462433
