Slovo,Podobnost
země,0.21590164303779602
opatření,0.198610320687294
obranu,0.1723569929599762
důsledků,0.15862056612968445
režim,0.14460112154483795
celý,0.14164330065250397
řešení,0.14051063358783722
místo,0.13086332380771637
české,0.11304030567407608
takovou,0.09620454162359238
prezident,0.08800694346427917
nato,0.08778316527605057
občany,0.08651650696992874
boje,0.06833361089229584
zájmům,0.05990799888968468
společně,0.057320766150951385
jisté,0.054344721138477325
