Slovo,Podobnost
prokazuje,0.9099445939064026
nese,0.895878791809082
nechce,0.8885203003883362
konečně,0.8839409947395325
ostuda,0.8728514909744263
vládě,0.8683578372001648
přezdívají,0.8598617911338806
odpovědnost,0.8527930974960327
amatérismus,0.8516772389411926
plně,0.8505614399909973
demisi,0.8465498089790344
aktualita,0.8416289687156677
luganu,0.8372611403465271
bezradně,0.8366687893867493
